{
  "name": "Weslley W C Soares",
  "photo": "http://127.0.0.1:5500/Portifolio/assets/img/my-photo-weslley_438x438.jpeg",
  "job": "Junior Developer ",
  "location": "Oeiras - PT",
  "phone": "(+351) 966 280 773",
  "email": "correweslleysoares@gmail.com",
  "skills": {
    "hardSkills": [
      {
        "name": "Html",
        "logo": "https://raw.githubusercontent.com/Weslleysoaresc/js-developer-portfolio/main/data/imgs/html.png"
      },
    
      {
        "name": "CSS",
        "logo": "https://raw.githubusercontent.com/Weslleysoaresc/js-developer-portfolio/main/data/imgs/css.png"
      },
      {
        "name": "JavaScript",
        "logo": "https://raw.githubusercontent.com/Weslleysoaresc/js-developer-portfolio/main/data/imgs/js.png"
      },
      {
        "name": "Python",
        "logo": "https://raw.githubusercontent.com/Weslleysoaresc/js-developer-portfolio/main/data/imgs/python.png"
      },
      {
        "name": "Java",
        "logo": "https://raw.githubusercontent.com/digitalinnovationone/js-developer-portfolio/main/data/imgs/java.png"
      },
      {
        "name": "Angular",
        "logo": "https://raw.githubusercontent.com/digitalinnovationone/js-developer-portfolio/main/data/imgs/angular.png"
      },
      {
        "name": "React",
        "logo": "https://raw.githubusercontent.com/digitalinnovationone/js-developer-portfolio/main/data/imgs/react.png"
      },
      {
        "name": "Mongodb",
        "logo": "https://raw.githubusercontent.com/digitalinnovationone/js-developer-portfolio/main/data/imgs/mongodb.png"
      },
      {
        "name": "Postgresql",
        "logo": "https://raw.githubusercontent.com/digitalinnovationone/js-developer-portfolio/main/data/imgs/postgresql.png"
      },
      {
        "name": "Git",
        "logo": "https://raw.githubusercontent.com/Weslleysoaresc/js-developer-portfolio/main/data/imgs/git.png"
      },
      {
        "name": "GitHub",
        "logo": "https://raw.githubusercontent.com/digitalinnovationone/js-developer-portfolio/main/data/imgs/github.png"
      }
      
    ],
    "softSkills": [
      "Empatia",
      "Liderança",
      "Trabalho em equipe",
      "Flexibilidade",
      "Organização"
    ]
  },
  "languages": [
    "Português BR",
    "Inglês (iniciante)",
    "Espanhol (iniciante)"
    
  ],
  "portfolio": [
    {
      "name": "Curso Ministrado na DIO para a criação de uma Pokedex",
      "url": "https://github.com/Weslleysoaresc/js-developer-pokedex",
      "github": true
    },
    {
      "name": "Curso Ministrado na DIO para a criação de uma página de portfolio",
      "url": "https://github.com/Weslleysoaresc/js-developer-portfolio",
      "github": true
    },
    {
      "name": "landing page - Vendas de Ebook",
      "url": "https://github.com/Weslleysoaresc/cuidadoralinjoy",
      "github": true
    }
  ],
  "professionalExperience": [
    {
      "name": "Desenvolvedor Front-end | Wscode",
      "period": "2023 - até o momento",
      "description": "É um prazer trabalhar ao lado de tantos profissionais excepcionais e construir tantas inovações de mercado."
    }
    
  ]
}